"","AUS_sb01","AUT_sb01","BEL_sb01","BGR_sb01","BRA_sb01","CAN_sb01","CHN_sb01","CYP_sb01","CZE_sb01","DEU_sb01","DNK_sb01","ESP_sb01","EST_sb01","FIN_sb01","FRA_sb01","GBR_sb01","GRC_sb01","HUN_sb01","IDN_sb01","IND_sb01","IRL_sb01","ITA_sb01","JPN_sb01","KOR_sb01","LTU_sb01","LUX_sb01","LVA_sb01","MEX_sb01","NLD_sb01","POL_sb01","PRT_sb01","ROM_sb01","RUS_sb01","SVK_sb01","SVN_sb01","SWE_sb01","TUR_sb01","USA_sb01","ZRoW_sb01"
"1",0.000982702939218073,8.41651593677523e-07,1.84279467974181e-06,1.61614844770136e-06,8.27173140188161e-07,1.93541372387911e-06,1.11270283204838e-05,1.13931492426642e-06,1.27728586520485e-06,1.12972057055676e-06,1.27483221919134e-06,8.51138670702313e-07,1.1321994120627e-06,3.36908301193746e-06,8.20005150449596e-07,1.50178406252817e-06,7.51030474287441e-07,1.18583047899453e-06,6.26329104107464e-06,3.85290885380777e-06,3.07206554742018e-06,1.06859851452399e-06,7.25576085359132e-06,1.40036865816058e-05,5.68467758559735e-07,2.14978206992283e-06,5.03143078928771e-07,1.08749162700967e-06,1.43985352674173e-06,1.03254481449202e-06,6.64621282817945e-07,1.30503826820412e-06,6.27151667268959e-07,1.18756386491877e-06,9.69471373635438e-07,1.69825607125834e-06,1.17112602138914e-06,9.75972264855096e-07,5.84723196229328e-06
"2",1.7627811514013e-06,0.00214304882190814,1.12169908930815e-05,2.53156042013239e-05,1.66841142433613e-06,2.14534521528556e-06,4.73296667145595e-06,5.54024449294285e-06,3.40456246704223e-05,2.01832598443418e-05,5.97682579524093e-06,4.24571881845132e-06,7.78268932992862e-06,7.07768864815383e-06,3.97076962591063e-06,3.63923142718954e-06,5.49520308290464e-06,5.95483410839186e-05,1.92971980340161e-06,1.75961955947876e-06,7.23073140358974e-06,9.97383101788399e-06,1.15823274745892e-06,3.23000333799302e-06,7.28951156365984e-06,1.36555315183543e-05,1.28852928536106e-05,1.63074470285985e-06,5.60966335213136e-06,1.36064259778967e-05,4.09728556293754e-06,2.23502410439947e-05,3.12869162506291e-06,3.64192600298442e-05,7.1690894375685e-05,6.93574168904042e-06,4.74747652814457e-06,1.17079723685631e-06,8.18668376806531e-06
"3",1.82714279934635e-06,9.62576117734967e-06,0.00159214822361017,1.00669588306809e-05,3.24287192932621e-06,2.3812653625809e-06,3.85460650800937e-06,1.85049549809533e-05,1.34882071906758e-05,1.72420687685201e-05,1.7477799533428e-05,8.90560586818417e-06,1.00613464560021e-05,1.05318366132705e-05,1.72781057783659e-05,1.01720527572621e-05,1.19319121907831e-05,1.7613693517517e-05,3.90845628492244e-06,5.30435165913075e-06,1.40976671639071e-05,9.53310541728699e-06,9.76374629373939e-07,3.87596197067378e-06,8.91194893248094e-06,0.000107444875909729,9.26303742923453e-06,1.79047781524079e-06,3.73711996827476e-05,1.1986999539785e-05,1.00066154171075e-05,8.63279394272889e-06,3.58129627175965e-06,1.33473585871233e-05,1.25139335273993e-05,1.77744196362763e-05,5.49311671083695e-06,1.69796553997218e-06,7.21928816536165e-06
"4",3.65555861866101e-06,8.50923652194052e-05,0.000126167381744718,0.057332284407679,6.68927755635083e-06,7.40589748445233e-06,7.14098256428805e-06,0.000226397945354707,3.05054921919067e-05,3.22147547987392e-05,2.14558117378089e-05,1.46428091362339e-05,1.99778533143276e-05,1.15276916642635e-05,1.22421438792896e-05,1.70101126787602e-05,0.000233531754004505,5.74523117046591e-05,7.63386084205869e-06,5.94893991565451e-06,4.22033111009906e-05,2.82664570371171e-05,2.46165851845892e-06,9.28538447108581e-06,3.02157619617857e-05,2.77094490346507e-05,3.03449069705007e-05,2.78412672669415e-06,1.93131886469712e-05,3.60466170326478e-05,9.98788783968382e-06,0.000280378962759632,1.53809950060882e-05,5.04942950901327e-05,9.09562279354969e-05,1.70607115560115e-05,0.000122068358981779,2.95153402109404e-06,3.09731942407057e-05
"5",1.18895083557684e-05,2.98995297641746e-05,4.79594958864212e-05,3.12349882163303e-05,0.0110968349801705,2.28544264247681e-05,5.37059071423714e-05,2.40071577489852e-05,1.71370908735351e-05,4.21852638170514e-05,3.69597558233456e-05,2.42061867800644e-05,1.87430373331939e-05,2.66984022987993e-05,2.23055660978394e-05,1.71469952042032e-05,1.57459102670596e-05,1.63545228697704e-05,2.15728883221945e-05,1.01739829041225e-05,2.08386146816545e-05,2.81348137848322e-05,1.28264834902729e-05,3.56761209175417e-05,1.09171214705834e-05,2.75946662361688e-05,9.56471737672091e-06,3.24608984646348e-05,5.61555977714373e-05,1.556413613756e-05,8.61011279153488e-05,2.39762722607216e-05,9.18342519859382e-06,1.63840200849215e-05,3.09612707706669e-05,7.50967057269357e-05,1.58969384729418e-05,1.87086317463509e-05,6.15359336406483e-05
"6",5.26180060039769e-06,2.5370309522939e-06,6.80331540944669e-06,2.13263083634616e-06,5.2476445724962e-06,0.001178215354056,6.63807788064011e-06,2.37022466252333e-06,2.98340346694845e-06,3.05351444505457e-06,3.3487419965566e-06,2.18010661760673e-06,2.49912165284799e-06,5.90879707064483e-06,2.47330970555671e-06,6.19593486842895e-06,1.82671124791742e-06,3.38214994679145e-06,3.95546815910514e-06,2.58833463228261e-06,6.57937661542583e-06,1.95553145275648e-06,3.36622353428932e-06,5.74415345622115e-06,1.70541844102511e-06,1.34085927511675e-05,1.4969471181016e-06,8.70041981974336e-06,4.28685654898009e-06,2.5670128371184e-06,3.27656436371533e-06,3.01895057480539e-06,1.36581319122263e-06,1.93343757831496e-06,2.86548459082021e-06,3.14233749414276e-06,1.80679649149484e-06,1.58551763740803e-05,6.94969776287015e-06
"7",0.00171093309704502,0.00111407161947213,0.00147164994587119,0.00177272954379361,0.000770098834108074,0.00140766957006336,0.0679341292767984,0.00293654235554462,0.00294231219212639,0.00130360987478213,0.00141213662918828,0.00136572122939478,0.0017398700475565,0.00165562408653568,0.00085405149038774,0.000962677556393813,0.00092976983786865,0.00294200226139224,0.00234103655648473,0.00184344854922368,0.0018850178360963,0.00098454223670765,0.0014041990124761,0.00498484895836905,0.000902896571583997,0.00250196319594948,0.000761350257501688,0.00180843912347051,0.00185291544790787,0.00150248262821973,0.000829765636343176,0.00101229002600915,0.000830077478016197,0.00207183356296198,0.00131591486542715,0.00144272263150856,0.00110750160922819,0.00108665707919677,0.00337676636993274
"8",1.29554732690448e-07,4.02762786746133e-07,6.00394382164217e-07,2.23134672960728e-06,3.65483127487636e-07,6.83574782920928e-08,1.96275942336795e-07,0.00610384413665601,7.11633131732027e-07,5.33221846408682e-07,5.30927711676155e-07,1.33630188590171e-07,1.94864685420134e-06,2.01021271134598e-07,1.3330178361283e-07,4.80886489532106e-07,5.33123279175725e-06,8.67069218576379e-07,1.03589264896562e-07,8.65351674590074e-08,3.40755237695387e-07,2.35181462099728e-07,1.21609248984681e-07,1.29010448991284e-07,1.92933988548652e-06,3.94076210959011e-07,7.6941188436607e-06,3.69806787889466e-08,3.28861764350633e-07,6.11435292380101e-07,1.33380687891501e-07,1.26037066488442e-06,1.23358203561004e-06,1.36643887613157e-06,4.81997522575467e-07,7.02968034129195e-07,1.84584163115219e-07,5.47030242764111e-08,7.05355652594586e-07
"9",1.68679910010009e-06,5.10065195888737e-05,1.70477105719791e-05,3.19426147884124e-05,1.55077668257044e-06,1.64895138320279e-06,2.88821632800344e-06,3.88515855186183e-06,0.00426869560144103,3.31508193418107e-05,1.0199756119107e-05,6.69560707503657e-06,1.6962367449411e-05,1.09843579666073e-05,7.48589089921086e-06,7.49995331595129e-06,4.27099910874052e-06,6.62427338189349e-05,1.68126192681723e-06,2.51650733271548e-06,7.66027420397914e-06,8.65958083686808e-06,9.54441062928086e-07,2.87890778513566e-06,1.75215886777217e-05,1.20967418453104e-05,1.67776286642819e-05,1.75388644128804e-06,8.72944272538131e-06,4.24679475383238e-05,5.2343005588792e-06,2.47288355265939e-05,6.97682019271791e-06,0.000207857827393115,3.70877015214212e-05,1.21273868021062e-05,5.73186318552014e-06,1.20989377946417e-06,7.94741976103174e-06
"10",1.41876783552063e-05,0.000194389326449675,0.00013150514361912,8.45099250484452e-05,1.80290197655104e-05,1.71172782306999e-05,3.84737496423005e-05,4.09107410614294e-05,0.000212323815208394,0.00212611159329483,0.000101536182420336,5.05574593371299e-05,8.58715291261827e-05,7.20389102651529e-05,5.69503084022271e-05,4.15771169641735e-05,4.24436246064535e-05,0.000203203911178176,1.81942040960913e-05,1.5754487580428e-05,5.17065490741558e-05,5.30923519586731e-05,9.09521380492833e-06,3.27798556105818e-05,6.43507213490794e-05,0.000154857573349077,6.36749359646388e-05,2.1113723736022e-05,8.63218540597264e-05,0.000125993248276481,5.55105523026695e-05,7.52315279817532e-05,2.70444934049743e-05,0.000176964275774749,0.000124700352729283,7.67382105721304e-05,3.57240899827426e-05,1.18832956127758e-05,6.08460358694015e-05
"11",1.79044463364928e-06,3.04105355148018e-06,5.74548768441589e-06,4.0989448868956e-06,1.0804619492196e-06,1.86106275090531e-06,3.00740626259893e-06,2.28448521826929e-06,5.40213856516289e-06,5.78890918457979e-06,0.00202621108009643,2.55822760770326e-06,1.12445102738577e-05,1.21318463515116e-05,2.22365035774539e-06,3.83094823074355e-06,3.21280699912611e-06,6.37186724306075e-06,2.39597888336926e-06,1.38612529515924e-06,7.49073660800035e-06,2.16440055199907e-06,1.0577058601785e-06,3.02957230666682e-06,1.06197065458476e-05,6.17932996539128e-06,1.24785210426869e-05,9.38466312045317e-07,5.60369818265876e-06,6.37107456822661e-06,2.97227125943464e-06,2.45221800619511e-06,1.26576624456046e-06,4.73378307302007e-06,3.68534920275685e-06,4.42160025918162e-05,2.53290166713362e-06,1.13363669881533e-06,9.59971374414864e-06
"12",2.97924772212204e-06,1.57524924390459e-05,4.33309952905538e-05,2.54413066841484e-05,5.17192230254302e-06,5.23171856757851e-06,6.21031163145659e-06,2.55300659317673e-05,2.64679513457082e-05,1.79332400908097e-05,2.36030205890585e-05,0.00324105773939732,3.83083395583619e-05,1.35110100662634e-05,2.99446929943043e-05,1.63653420063775e-05,2.04866737391537e-05,2.4460983646859e-05,3.12099510693356e-06,3.53118656936212e-06,4.13119442029117e-05,2.33905446423331e-05,1.98514210352173e-06,5.81380872711109e-06,1.04770660792629e-05,4.46503025412071e-05,9.98936083636294e-06,8.64961924242313e-06,2.20106525217151e-05,1.88175836649752e-05,0.000172218394932595,1.60054752394989e-05,6.1578393783769e-06,1.94269281870356e-05,2.84308642909489e-05,1.99701002434166e-05,1.37185470792499e-05,2.95916026706013e-06,1.98225571730779e-05
"13",2.26320334136991e-07,1.13784449469171e-06,1.72029128291286e-06,1.02664411098708e-06,2.01788440639766e-07,2.31595035827245e-07,3.71426531227523e-07,4.0603413431783e-06,1.80910235026972e-06,1.53659847116214e-06,6.42574256036326e-06,1.48877486834791e-06,0.00623088133184046,3.17596563563383e-05,4.77862902903764e-07,6.61253618302251e-07,7.81981463562558e-07,1.22392272116935e-06,1.94470725967356e-07,2.3184157675596e-07,8.58480843988889e-07,5.6955088902988e-07,2.04101263832859e-07,3.75170773859018e-07,4.26932629924922e-05,5.95795184051582e-06,9.41385869537978e-05,2.85093419167464e-07,1.34863354570067e-06,2.76677079223593e-06,9.52171669930899e-07,5.97833184974675e-07,2.31793885703053e-06,2.23462623086056e-06,1.06472258124719e-06,1.0875692446769e-05,3.80892891442966e-07,1.92898180776136e-07,1.1346844809636e-06
"14",1.09856424405102e-06,3.20888337455924e-06,5.1963931778238e-06,3.44083692298396e-06,2.24507165000643e-06,9.70306273450275e-07,2.20756206605202e-06,1.87477302152251e-06,3.5800264193461e-06,4.20875025281041e-06,9.81601428367231e-06,2.44517739048969e-06,4.93708671215146e-05,0.0015893100354669,1.91670864624821e-06,2.88904392305078e-06,2.76153251875355e-06,6.76916378019841e-06,9.29621919455425e-07,2.27711051509531e-06,3.42735419851582e-06,1.55794574606988e-06,8.91265603599091e-07,1.84716603515894e-06,1.00299271922312e-05,8.10247516782588e-06,1.48110755745807e-05,6.82357661194508e-07,5.82741348998059e-06,6.50284904891993e-06,3.3744200590059e-06,1.66107669571791e-06,3.19292184597692e-06,3.09606586493526e-06,3.10640819611432e-06,2.23408004860397e-05,1.92701407431566e-06,6.50694951110179e-07,3.89765526165656e-06
"15",4.9096566125915e-06,1.5185708863108e-05,5.63914187929363e-05,1.89863352483834e-05,5.6830833251703e-06,6.51765486029046e-06,9.88378813897556e-06,1.36347657497108e-05,2.54836596569211e-05,2.39668739407021e-05,1.44849650479329e-05,2.98174093953579e-05,1.19257029525891e-05,1.21502685126589e-05,0.00162694362961045,1.55279609090981e-05,1.41539296298731e-05,3.04652042182526e-05,4.64792572939469e-06,4.1544014711008e-06,2.66260142973086e-05,2.05480393236719e-05,2.74585281861059e-06,9.54105621585175e-06,9.96071721029446e-06,7.28915408652426e-05,1.15231222168991e-05,4.43483425621017e-06,2.20322794607227e-05,1.85838481901752e-05,2.22674401345971e-05,1.94990805205067e-05,4.87783151188746e-06,2.70465592334346e-05,2.54560250116954e-05,1.87133009300431e-05,1.26237816865213e-05,3.87013909666215e-06,1.78494013511251e-05
"16",2.26848051797891e-05,3.38253239487493e-05,9.17018582647019e-05,4.56534387610034e-05,1.10931280236406e-05,2.41158786297231e-05,2.20824970163328e-05,5.81602334375316e-05,4.66486765228797e-05,5.6429106320923e-05,6.63291282270979e-05,3.04116825969871e-05,3.7683411943948e-05,4.85715188801758e-05,3.47746603243854e-05,0.00342383992040201,2.93371933342266e-05,4.89696615209699e-05,1.12133825110517e-05,1.75986991266092e-05,0.000341306511952373,2.68002948357196e-05,7.88215028446208e-06,2.35403234514002e-05,2.53839396972021e-05,0.00061954715239557,2.86393931568077e-05,9.24534683473037e-06,0.000113560780014266,3.56530519960726e-05,3.78185916431901e-05,2.82340433148147e-05,1.35664919292821e-05,3.7509785152684e-05,3.20039887879954e-05,6.41874191306021e-05,1.91296704655582e-05,1.34227248693759e-05,5.02104862905178e-05
"17",1.89772738275559e-06,4.20434495916406e-06,6.82893911192859e-06,0.00010103751121341,1.52575402341642e-06,1.1027462442314e-06,2.88122850992538e-06,0.00014318754223602,3.77327225075332e-06,5.15637026160711e-06,8.33134957749269e-06,2.67911891778263e-06,4.31714800527617e-06,6.08269211226052e-06,2.17788881476963e-06,4.32611042590297e-06,0.00784102993800801,3.92612044190219e-06,3.21484838229139e-06,1.95244150605509e-06,5.20938800313302e-06,6.32145515051665e-06,1.67488304026167e-06,1.06194439752818e-05,2.91167901880993e-06,9.47499708364618e-06,3.32487287048277e-06,1.90725913873767e-06,3.83051194206108e-06,3.2611318191875e-06,3.70466059808028e-06,2.28614927199511e-05,1.95410672294045e-06,5.23873241313716e-06,1.96782523126286e-05,1.50459102757229e-05,1.25103252927989e-05,1.60339751477312e-06,1.97790200329087e-05
"18",2.31505548978561e-06,5.89737879651307e-05,2.19804351700033e-05,4.85474467137033e-05,1.90297772504434e-06,2.14746964039554e-06,4.75320836708507e-06,9.33151625696382e-06,7.81338794808619e-05,3.16599721624858e-05,1.32024748615165e-05,1.37768449736123e-05,1.54163670349386e-05,1.7696043137262e-05,8.57997424658688e-06,8.393591384265e-06,8.54804852949819e-06,0.00763111853667977,2.43040245652077e-06,1.82600125709235e-06,2.85141303608038e-05,1.33419771364467e-05,1.41532174777902e-06,9.35691914962796e-06,1.11506213496864e-05,1.25436262788046e-05,1.62186205042362e-05,2.4490076342186e-06,9.3420283487975e-06,3.10667592609466e-05,8.27113018489438e-06,9.64018892144875e-05,5.28232492997609e-06,0.00012362473409324,6.16471620608591e-05,1.49095540355635e-05,9.35441121527519e-06,1.94401332986699e-06,1.2548175192723e-05
"19",0.000129898976304235,2.62962787711031e-05,4.57769187943268e-05,3.37812001166501e-05,2.20363411151191e-05,1.93825065624001e-05,0.000129434517053687,3.22235394002873e-05,3.71336471255378e-05,4.72300496001524e-05,6.22948372715213e-05,3.46039641321872e-05,3.69585844570306e-05,3.6894089748073e-05,2.30465823341853e-05,2.97366623016575e-05,3.28619703323768e-05,2.91419122698553e-05,0.0356637889016138,0.000111140645083527,3.61555890322109e-05,3.39991531352892e-05,0.000151919351158547,0.000268249968980844,1.89830090418321e-05,3.91823896354337e-05,1.69149558920201e-05,1.92040749978332e-05,6.16975806028092e-05,2.65177091195825e-05,2.54682043330198e-05,1.72825465948291e-05,1.26141219787701e-05,3.93843675931568e-05,4.95120796413705e-05,2.29460421299491e-05,5.00711115430957e-05,1.8378924432437e-05,0.000146475770992922
"20",0.000189116657823987,0.000169633761468243,0.000421260597456426,0.000189845399963162,0.000120312655758255,0.000371962858286478,0.000325374862652442,0.000197527881741156,0.000203826334963351,0.000238087232461877,0.00028681337285597,0.000134571845852745,0.000157084134671576,0.000548900158725942,0.000111613973142767,0.000313013019954893,0.000150487979942843,0.000304101552224369,0.000329217512251,0.102125701811299,0.000247717926142494,0.00018981426746656,0.000124474855302786,0.000318551988673098,7.93174848911508e-05,0.000172305342862672,0.000106825628405926,0.000107515949780035,0.000381266070424229,0.000142264401692075,0.000218705493697872,0.000228729472592133,5.59770342283639e-05,0.000139303036733843,0.000196394478015698,0.000209959127235446,0.000207288941303079,0.000172061777956252,0.000689029326680784
"21",2.7742457998466e-07,5.12507014546978e-07,2.67986059393412e-06,5.75716758061358e-07,1.05460709147917e-07,4.7208691890847e-07,5.37764105670639e-07,3.52950713032919e-07,9.42256519288298e-07,6.61492796557344e-07,7.57782600063415e-07,9.59291809383839e-07,1.03176044369066e-06,1.40001522135386e-06,6.91460039395977e-07,1.82673360575994e-06,4.6227828507147e-07,1.03719342050423e-06,2.06795891222252e-07,2.05025532886233e-07,0.000315101984626766,1.3062177600422e-06,1.88788618908289e-07,4.20753348656424e-07,3.57228422954536e-07,3.62253096398221e-06,7.67369227672212e-07,2.84829558556894e-07,6.83782274139249e-07,5.66840334778062e-07,1.10748044573518e-06,7.08006498861965e-07,3.37372052908739e-07,5.65212906443403e-07,5.47524037533864e-07,1.14160037715726e-06,3.13754239872574e-07,5.68572114410265e-07,1.21491733255803e-06
"22",7.91395798627876e-06,4.96189128566109e-05,3.66075145445843e-05,7.33281470422803e-05,1.14341144741888e-05,9.020546570334e-06,1.59511495013944e-05,6.95981837697327e-05,4.81854776766848e-05,3.382027573923e-05,3.07475395206589e-05,4.07672228802562e-05,2.98198815787783e-05,2.05347674847788e-05,3.3561429599418e-05,1.93230176339903e-05,6.06344871909376e-05,5.45059057047593e-05,1.2614106065784e-05,8.83786889813663e-06,3.39785495720229e-05,0.00316087824571961,4.07596195122715e-06,1.25837755595657e-05,2.43689496806208e-05,0.00011382335325016,2.37261368699938e-05,1.08284193097937e-05,2.26620595638591e-05,4.49536042953299e-05,3.17308205003074e-05,7.29883676356765e-05,1.11414501979912e-05,4.8187922148691e-05,0.000149977322578604,2.36296747072074e-05,2.80793947329318e-05,5.87753229304036e-06,3.34183510469284e-05
"23",2.50077090180906e-05,1.59857432119236e-05,3.00109173446374e-05,2.06323615940273e-05,1.30131631708933e-05,2.35229343358306e-05,0.000116691002562437,1.74720510541632e-05,3.87071588617747e-05,2.00177938954176e-05,2.2613717896975e-05,1.2113052311597e-05,3.22698487318225e-05,1.82803910669159e-05,1.24019520327754e-05,1.51671194243829e-05,1.03907381616061e-05,3.85295183395408e-05,6.53636139150721e-05,1.74938960730268e-05,2.73445614778383e-05,1.2914553495694e-05,0.00377128459361918,0.000128781854165723,1.06178863273482e-05,3.33247296108475e-05,8.28817637015383e-06,3.07128705612519e-05,2.59784645806394e-05,1.76952123803485e-05,1.16548532260328e-05,9.81413077348974e-06,2.79396451890264e-05,2.61601210692767e-05,1.66487392169114e-05,1.51827841022258e-05,1.46650718027063e-05,1.61125778421517e-05,8.17394034089265e-05
"24",2.92964192599012e-05,1.91187561527811e-05,3.41973699676651e-05,2.92884454291209e-05,1.67411879159417e-05,2.19262027066e-05,0.000169648733194864,2.38550053596349e-05,3.82280996699847e-05,2.84548656533813e-05,2.36791681549753e-05,1.63745089465826e-05,2.52720532541134e-05,3.72959019512081e-05,1.78810114345629e-05,1.7723447999013e-05,1.71169586288252e-05,6.91885414322213e-05,7.56080940990496e-05,3.33035039980664e-05,2.29116451344768e-05,2.33325205575081e-05,3.77438222979717e-05,0.00841685942377756,1.61799875663723e-05,2.72289593630573e-05,1.32819294459118e-05,4.76182422385109e-05,2.58580495882511e-05,3.8516247805697e-05,1.7907886208483e-05,2.39299259184844e-05,3.52524191246806e-05,0.000133774870449644,3.3594315411369e-05,3.11743691174433e-05,3.2826507645978e-05,1.77676859624427e-05,0.000108966166903703
"25",6.77106208005081e-07,4.08314518261322e-06,5.09911201988771e-06,3.88589707121741e-06,4.6135585437919e-07,9.47690340289268e-07,1.13936508918556e-06,1.36818724234108e-06,3.6338928949541e-06,3.57040605517712e-06,1.91569314137166e-05,2.19797176526544e-06,0.000110179728501839,7.33508006666121e-06,2.72144942662747e-06,1.29449198579439e-06,1.13240112789675e-06,2.97497604532482e-06,6.09811718450315e-07,1.75761814388379e-06,2.87567846879287e-06,1.77808535698257e-06,3.71507463157324e-07,9.25751842892485e-07,0.00875972579910179,2.78909617849933e-06,0.000276130527839802,4.62384718870169e-07,2.29142582570312e-06,1.43102273057521e-05,1.20781096071491e-06,1.46769723168022e-06,4.86055536797945e-06,3.40449895335716e-06,4.05597209597432e-06,1.03755355204333e-05,1.34694898163484e-06,4.52691080781938e-07,5.50712456412393e-06
"26",2.3225429706123e-08,1.05955077884009e-07,3.8645153950774e-07,1.01378307066573e-07,1.85485482938131e-08,2.09336534239737e-08,8.01702285405155e-08,7.45325428207069e-08,1.07977214948103e-07,1.28577248617414e-07,7.44558240063966e-08,1.11568213766409e-07,1.25503474499783e-07,2.01535822873301e-07,1.16146107317107e-07,7.32262461154055e-08,9.11256258608356e-08,9.44449781772214e-08,3.27448457621316e-08,3.23030967295277e-08,1.63809610905189e-07,1.21109411386313e-07,2.12593498756377e-08,5.31327503387789e-08,4.63553489041014e-08,8.27827102708066e-05,7.57386669900574e-08,1.54493773053556e-08,3.02931954612879e-07,8.55922357858273e-08,7.79812273847895e-08,4.84580967327021e-08,1.73570422511034e-08,8.22827813358528e-08,9.46534524415814e-08,1.44721495317714e-07,4.83083648650144e-08,1.65811462818398e-08,3.3709091779276e-07
"27",5.20530030578272e-07,4.19638301695902e-06,4.5954424806572e-06,3.87891185013216e-06,5.75157079868108e-07,5.27846654430785e-07,1.43720044327533e-06,2.18226781418958e-05,4.3664543559404e-06,3.45573172347986e-06,3.52584264044093e-05,1.48498162755729e-06,0.000236490521608328,2.10886531066466e-05,1.42144302635276e-06,2.90363969748616e-06,7.97990504889338e-06,4.5716336525067e-06,1.2150637450008e-06,1.52070330697119e-06,5.65631741910865e-06,1.87436488283255e-06,6.28026768434781e-07,2.52308945447855e-06,0.000221109152851104,6.77700495326215e-06,0.0221045021541982,3.2300107552306e-07,5.0253399835525e-06,9.96591920737755e-06,1.14264990257692e-06,1.72339921002009e-06,6.42707153530953e-06,6.84011260224915e-06,3.11552174805214e-06,1.65056545757819e-05,1.01490543663873e-06,5.25905953830137e-07,7.26594155310539e-06
"28",6.82780401875017e-06,7.77798257959572e-06,1.49717145468446e-05,8.93865201286955e-06,7.76203777274515e-06,4.45014024420798e-05,1.25229168472526e-05,4.74927634363599e-06,1.08710559424122e-05,1.68986103496954e-05,2.34414748186547e-05,3.10581520211684e-05,5.87099673287866e-06,1.11594587826229e-05,1.13896246744978e-05,7.65989182535166e-06,3.89777641245864e-06,1.05525555036324e-05,3.8946251376682e-06,8.36973630721824e-06,1.36045027553295e-05,1.01484108708364e-05,7.04183181239881e-06,1.10235640721237e-05,3.29791081776416e-06,1.40713842537632e-05,3.59740472622728e-06,0.00934347831433267,1.29938017958281e-05,6.70370975595208e-06,1.39599527536426e-05,3.70949685040887e-06,3.41975445523694e-06,6.72130859536063e-06,7.68698537506962e-06,8.59016539858521e-06,4.2324088618679e-06,7.24496643564952e-05,2.30382907294385e-05
"29",3.87463959900228e-06,1.86099047254415e-05,0.00015087015336155,1.4320441422357e-05,4.40832660297815e-06,4.07487401993907e-06,8.11498174332419e-06,2.11497868341095e-05,2.71870124058676e-05,3.51724277122667e-05,4.46240544165663e-05,1.37683825963886e-05,1.64600397551608e-05,1.83124175133787e-05,1.57056299682238e-05,2.23232704290099e-05,1.35941929056413e-05,3.63735750967651e-05,3.84797249966848e-06,3.43354270568623e-06,2.91681635496125e-05,1.4587585993891e-05,1.92613429760631e-06,5.0686729762935e-06,1.48666989780064e-05,6.34633346074426e-05,1.82893924751127e-05,4.73410053541247e-06,0.00197983902284477,2.10136904343772e-05,1.65041676776309e-05,1.53960056356662e-05,4.28896970916639e-06,1.75964847852359e-05,1.70198345808055e-05,2.43647547470136e-05,6.74595401496538e-06,3.27265406517651e-06,1.13742657769473e-05
"30",3.48343949525811e-06,6.22200436157895e-05,5.22673541090713e-05,7.92901122479041e-05,4.84954560328713e-06,6.29767211457838e-06,8.71944234368393e-06,1.92141676388177e-05,0.000195972165894492,7.17239017053164e-05,6.5853626955813e-05,2.14609604095476e-05,0.000113622126940863,4.22053995857401e-05,2.31421281298094e-05,2.17075011376148e-05,1.54467416294459e-05,0.000136775451727496,8.72655651981876e-06,4.21732771392206e-06,7.41146231204426e-05,2.66426838627439e-05,2.52206450149915e-06,7.38749025873533e-06,0.000233967750116683,6.28561963796693e-05,0.000162754201230016,3.51177985897573e-06,3.02074767572127e-05,0.00878636002399653,1.33012284343189e-05,7.4147362355516e-05,2.65677764593384e-05,0.000142113705143086,6.86276341724843e-05,7.65709362798761e-05,1.54795121566226e-05,3.262789331723e-06,2.366778668299e-05
"31",1.61358134430891e-06,8.96723885567052e-06,1.734392594074e-05,6.45079956412308e-06,5.84947442566046e-06,3.31791313703093e-06,6.08344032896914e-06,1.11248361403718e-05,9.15208179157941e-06,9.35553327419451e-06,6.64673911199816e-06,4.64957094074934e-05,1.29937510965116e-05,9.06247422691646e-06,9.98214031314409e-06,7.90946439033372e-06,4.75877686324185e-06,8.32273741108139e-06,1.03724878638874e-06,1.15296211967534e-06,8.96204765284019e-06,5.99975695954683e-06,8.0077166465567e-07,1.91318312033812e-06,3.50570818492269e-06,1.22003963090325e-05,6.19387750103443e-06,2.98095821289544e-06,8.88091699980063e-06,6.50195381094476e-06,0.00815710298276299,5.64340790458939e-06,1.25608648869203e-06,8.18724205847906e-06,6.70346063592097e-06,1.28730159143444e-05,4.58439519801217e-06,1.53515541490991e-06,7.97380477793282e-06
"32",3.54250598108485e-06,8.91239294265836e-05,4.68103060390409e-05,0.000432177779714492,4.46235418526169e-06,6.95288435822612e-06,6.63826034702462e-06,5.28389075333224e-05,5.90193030878448e-05,3.42959525103859e-05,1.24737849034463e-05,2.32736935149326e-05,1.72975778758845e-05,1.29159597920347e-05,1.8501134725224e-05,1.61324393353752e-05,5.29667921299981e-05,0.000218621882747495,9.73485414135798e-06,7.63634973700522e-06,2.01439739131801e-05,5.16410919482689e-05,2.63256911395924e-06,1.05511923342062e-05,1.38807828437683e-05,2.78902047885214e-05,1.17546184458679e-05,2.74818510485117e-06,2.44792361207508e-05,3.84455133714094e-05,1.73971244268594e-05,0.0256756581023521,7.54460234661545e-06,7.53557856797558e-05,8.84237506722658e-05,1.40604944998887e-05,8.25255761979071e-05,3.26629504879558e-06,3.10382036755981e-05
"33",5.12748299897889e-05,0.000411617873609806,0.000272153780077697,0.0027264540159438,6.04245647772038e-05,4.10006817542182e-05,0.000229739241352285,0.00016077824881581,0.00122492355455071,0.000420572250426253,0.000235664460494402,0.00023231010722393,0.00100957304245917,0.00126792870598264,0.00030172766740142,0.000141715742378327,0.000754656190761613,0.000976232227958835,7.94229755414378e-05,9.40057358456559e-05,0.000186514255469751,0.000282348321640195,9.52345189096478e-05,0.000245334520707356,0.00467077038475921,0.000159410402502383,0.00105429273875615,3.89236682113007e-05,0.00071731019488659,0.00097122460231586,8.22286943221112e-05,0.00085918563212646,0.0371165432768588,0.00184422295753456,0.000347658867532272,0.000455794616086675,0.000848686316516688,5.77186267997351e-05,0.000406751681345978
"34",3.18283180690896e-07,2.55455771817254e-05,4.20132469987578e-06,1.32567753028808e-05,3.54958161269829e-07,4.52182968723179e-07,7.70214974077713e-07,2.37394738813732e-06,7.07541635071535e-05,8.76049095571664e-06,3.8534982817868e-06,2.18804288318745e-06,4.37667803496991e-06,4.19204810850752e-06,2.80743301750054e-06,2.28638818902642e-06,1.57064384747834e-06,4.36749226912093e-05,3.80715183492589e-07,3.47304411239124e-07,1.75922108881291e-06,3.19192606797097e-06,2.35274837553439e-07,8.20474936154177e-07,6.6143335434425e-06,4.25062238004122e-06,7.44769088424079e-06,3.38406146682493e-07,2.32547809744327e-06,1.77787589911523e-05,1.59975696593163e-06,1.22348151145204e-05,4.50914327654559e-06,0.00324114469635926,1.91566440426609e-05,4.05788950057584e-06,3.00091572493733e-06,2.75324084863078e-07,1.96031710670578e-06
"35",1.35855877672928e-07,6.20749966046406e-06,1.25441688969839e-06,4.95688256308955e-06,1.42651532600975e-07,1.22689077674288e-07,2.50978191341137e-07,8.04715764149017e-07,3.74110285738518e-06,1.94864837357288e-06,9.98949294418145e-07,4.60392010560346e-07,1.19052732996143e-06,6.73489450876111e-07,6.97535879785342e-07,4.01688290988061e-07,6.66213573967974e-07,6.86273326824097e-06,1.43718562996547e-07,2.6626229568263e-07,5.21620443113107e-07,2.21606087916962e-06,8.57121899114766e-08,2.71706115103007e-07,1.18551512937435e-06,9.22714469710508e-07,1.51916687730236e-06,1.46237241982312e-07,6.43850356168221e-07,1.80997965921952e-06,3.9331276688802e-07,3.6502106766171e-06,6.80603506326419e-07,3.76112867986025e-06,0.00202569805620836,6.74966784228655e-07,6.58054063207562e-07,9.89503625210137e-08,1.09882283538116e-06
"36",2.15552513211683e-06,5.38068501218299e-06,1.0430018377299e-05,4.77673150332112e-06,1.74711459323489e-06,2.07295176219973e-06,3.99607569847623e-06,4.49467114660805e-06,6.79181225653629e-06,6.44598169425381e-06,4.53934396992973e-05,4.96800658456088e-06,3.1135952683602e-05,3.05933335296381e-05,3.18438648670912e-06,5.50757900803569e-06,3.19918087133381e-06,7.19543115245334e-06,2.59361326117201e-06,1.92029375926368e-06,5.16497030800945e-06,3.31809109493177e-06,1.04517174026863e-06,3.11634191702607e-06,1.23337985646268e-05,1.71751571269406e-05,1.70849975566341e-05,1.40178724021271e-06,7.0582077779635e-06,7.8737044869005e-06,3.59073927974635e-06,2.96903828306139e-06,2.47081742462744e-06,4.74358648804983e-06,5.85551283469858e-06,0.00151746285366081,2.97574584783033e-06,1.30852024593495e-06,9.09574956227266e-06
"37",8.66642100670494e-06,3.70650503844938e-05,6.14638953163934e-05,0.00049628500329546,7.50068263510467e-06,1.12558593837856e-05,1.67636584382516e-05,1.66040286704313e-05,4.88671879502748e-05,4.66679498671933e-05,2.73619895147708e-05,3.37075642289365e-05,5.43981737558973e-05,2.3476658468748e-05,2.84497099761261e-05,3.15177259638405e-05,0.000106878142339397,6.66326871631216e-05,2.21846960113228e-05,1.59143948090305e-05,3.07949202614468e-05,4.93199933050121e-05,6.18065194884079e-06,1.83145782329815e-05,4.6741865955585e-05,3.60543649710995e-05,3.24102511662824e-05,5.9241249252724e-06,3.19034636254086e-05,5.42171279934362e-05,3.71886241898178e-05,0.000253692436775975,5.51355964360994e-05,6.69663663453442e-05,6.60693316472926e-05,2.4618697554908e-05,0.023795371146263,8.73853200610538e-06,8.93571278107253e-05
"38",4.12325938139045e-05,3.20037110881688e-05,6.52141510614259e-05,3.70106366712843e-05,3.43050285763668e-05,0.00023144680976119,8.57122563279462e-05,4.69527047890228e-05,4.06307673008168e-05,4.21465914630837e-05,7.92883103724593e-05,3.63503891279001e-05,3.43715973481625e-05,4.09367779334884e-05,3.5300975608246e-05,5.5388231705679e-05,5.15107177117334e-05,6.36935409361966e-05,3.92629415959907e-05,4.12910947984501e-05,0.000257768891142729,2.91543594829016e-05,3.64615289840539e-05,9.79865191907722e-05,2.0758523366255e-05,0.000113694049278857,2.62054834190553e-05,0.000216858927124703,8.37721669732036e-05,3.06173567562535e-05,2.67462156686103e-05,2.51287191453937e-05,1.46248688167484e-05,3.41997248354023e-05,3.62166581240164e-05,5.60002411193082e-05,2.61687697074816e-05,0.00301096950517268,0.000143335500012038
"39",0.00129115252757918,0.0013077351195493,0.00158605917587363,0.00230360277958045,0.00110217041469353,0.000747377925293107,0.00272707245562653,0.00114753241495014,0.00127790927095382,0.00113663472154146,0.0012684392530859,0.00132378320974202,0.00185580498597847,0.00137371119089837,0.0010830067937077,0.00107919808210339,0.00142670616073904,0.00135885139748379,0.00212555424960937,0.00228774818990928,0.00160726605108085,0.00165006072351585,0.00155884783198603,0.00348873612244113,0.00124789485746029,0.00109343960361967,0.00122194427959705,0.000626321021520757,0.00208669757190866,0.00101204119162605,0.00162291720474712,0.00113630883682023,0.000529839619795644,0.00157744857098927,0.00193863720382633,0.0013006234038095,0.0019365482255114,0.000941987278233244,0.0283040382559192
